Week,Taj Mahal,Red Fort,Jaipur,Varanasi,Goa,Kerala,Munnar,Hyderabad,Coorg,Golden Temple,Maha Kumbh,Manali,Shimla,Darjeeling,Ooty,Leh-Ladakh,Nainital,Gulmarg,Hampi,Ajanta & Ellora Caves,Khajuraho,Jaisalmer,Amer Fort,Mysore Palace,Konark Sun Temple,Rameswaram,Vaishno Devi,Tirupati,Somnath Temple,Dwarka,Puri Jagannath Temple,Ujjain  Mahakaleshwar Temple,Andaman & Nicobar Islands,Lakshadweep,Gokarna,Pondicherry
09-02-2020,56,16,64,34,70,60,34,55,51,36,0,60,61,38,41,0,38,29,0,0,79,29,34,29,0,33,5,48,47,37,0,0,0,1,57,52
16-02-2020,63,15,65,47,71,73,44,66,65,53,0,55,61,37,36,0,35,32,0,0,50,24,20,30,44,33,5,44,24,27,0,0,0,1,45,44
23-02-2020,100,16,57,43,70,68,40,55,67,48,0,52,60,35,35,0,35,27,0,0,47,21,20,22,47,27,5,45,0,26,0,0,0,1,41,39
01-03-2020,53,12,49,43,56,57,36,47,53,37,0,41,52,28,30,0,29,26,0,0,49,17,16,19,0,23,5,45,24,24,0,0,0,1,31,31
08-03-2020,43,10,42,34,40,47,23,45,40,35,0,26,37,22,17,0,21,14,0,0,35,13,13,11,0,17,6,42,0,19,0,0,0,1,15,13
15-03-2020,36,7,30,18,22,30,13,29,18,15,55,14,25,14,10,0,11,8,0,0,12,8,4,6,0,8,3,22,0,0,0,0,0,0,6,6
22-03-2020,35,5,14,10,11,27,7,16,7,7,0,21,27,21,12,0,15,7,0,0,17,7,8,9,0,8,3,19,0,9,0,0,0,0,7,7
29-03-2020,37,6,12,11,11,30,8,12,11,12,0,16,24,19,11,0,10,8,0,0,0,8,6,8,0,22,2,16,0,0,0,0,0,1,7,8
05-04-2020,36,6,12,9,12,27,10,13,13,12,0,16,24,17,11,0,10,10,0,0,12,7,9,9,0,9,2,15,0,11,0,0,0,1,8,6
12-04-2020,39,7,12,8,13,31,10,13,13,19,0,18,25,18,12,0,12,11,0,0,0,7,11,8,0,12,1,18,0,13,0,0,0,1,7,5
19-04-2020,39,6,12,8,14,32,11,12,13,10,0,16,26,19,11,0,15,8,0,0,14,7,5,7,0,15,1,15,0,10,0,0,0,1,6,5
26-04-2020,46,7,10,11,15,29,9,12,14,11,0,16,26,17,11,0,20,8,0,0,16,6,6,12,0,9,1,13,0,14,0,0,0,1,7,7
03-05-2020,38,6,11,10,16,31,9,18,13,15,0,15,25,19,11,0,13,9,0,0,13,8,8,9,0,6,1,19,0,9,0,0,0,1,8,6
10-05-2020,40,6,12,8,17,29,8,15,11,13,0,15,27,20,11,0,12,9,0,0,13,9,4,8,0,10,2,19,0,11,0,0,0,0,7,7
17-05-2020,36,6,13,10,16,28,7,17,12,13,0,16,26,20,11,0,15,8,0,0,15,7,8,8,35,11,2,22,0,10,0,0,0,1,6,5
24-05-2020,37,6,13,13,14,28,7,18,11,14,0,15,28,21,10,0,12,10,0,0,14,7,4,9,39,12,2,19,0,10,0,0,0,1,6,6
31-05-2020,42,6,15,11,16,30,8,20,12,19,0,14,30,20,11,0,14,6,0,0,19,8,8,11,0,12,2,23,0,7,0,0,0,0,6,4
07-06-2020,44,6,14,13,16,27,8,20,15,18,0,14,27,19,9,0,12,7,0,0,19,7,8,6,0,7,2,20,0,12,0,0,0,0,7,4
14-06-2020,52,6,14,13,14,23,6,18,18,13,0,15,29,22,12,0,13,9,0,0,22,8,6,8,0,8,2,22,0,7,0,0,0,1,5,4
21-06-2020,38,6,17,12,16,26,7,19,21,17,0,16,30,22,10,0,14,13,0,0,19,8,7,8,0,10,2,24,0,7,0,0,0,0,7,5
28-06-2020,40,7,17,14,17,24,6,18,18,9,0,18,30,24,12,0,17,9,0,0,12,8,8,7,0,6,2,23,0,15,0,0,0,1,5,5
05-07-2020,42,8,19,12,16,24,7,20,16,16,0,18,33,29,10,0,22,9,0,0,21,10,5,8,0,10,2,24,0,16,0,0,0,1,6,5
12-07-2020,33,7,16,8,16,25,7,18,13,14,0,17,32,27,12,0,20,11,0,0,19,9,11,11,0,12,2,28,0,13,0,0,0,1,5,5
19-07-2020,37,8,18,10,17,23,7,19,14,14,0,16,29,27,10,0,16,8,0,0,12,13,8,9,0,8,2,24,0,7,0,0,0,1,7,5
26-07-2020,34,8,20,12,16,24,7,18,20,18,0,16,31,23,11,0,16,9,0,0,24,11,12,9,0,12,2,22,0,13,0,0,0,1,7,4
02-08-2020,35,7,20,11,16,30,20,20,22,15,0,17,31,24,12,0,16,10,0,0,19,11,11,9,0,8,3,27,56,16,0,0,0,1,7,6
09-08-2020,36,27,22,17,16,25,13,21,17,23,0,17,33,19,12,0,18,11,0,0,26,10,13,11,0,11,5,22,34,7,0,0,0,1,9,5
16-08-2020,36,12,24,15,17,24,8,20,22,21,0,18,30,19,11,0,18,9,0,0,29,10,11,13,0,8,2,24,0,7,0,0,0,0,9,7
23-08-2020,35,10,22,15,19,25,9,26,32,23,0,21,34,21,13,0,17,10,0,0,20,13,15,12,0,11,3,23,0,10,0,0,0,0,12,8
30-08-2020,38,9,25,20,22,26,11,28,35,22,0,23,32,24,15,0,18,9,0,0,23,11,10,10,0,15,3,30,0,13,0,0,0,0,13,13
06-09-2020,36,9,25,17,23,30,12,28,37,27,0,26,37,23,16,0,19,11,0,0,17,11,9,12,0,15,3,28,0,12,0,0,0,0,13,11
13-09-2020,37,9,24,20,25,34,17,30,40,19,0,26,41,21,14,0,21,9,0,0,13,11,7,9,0,20,3,32,0,11,0,0,0,0,12,14
20-09-2020,43,8,23,17,25,31,14,30,37,25,0,31,44,22,17,0,28,13,0,0,35,10,14,13,0,13,3,31,0,18,0,0,0,0,18,16
27-09-2020,34,9,27,20,27,31,16,36,43,21,0,33,46,22,17,0,27,14,0,0,33,11,11,15,0,13,3,35,0,13,0,0,0,1,17,15
04-10-2020,36,8,25,19,32,32,15,33,41,21,0,32,46,26,16,0,26,11,0,0,27,14,18,15,0,16,5,30,0,16,0,0,0,1,19,16
11-10-2020,37,9,28,16,33,32,16,29,40,23,0,33,38,25,17,0,26,13,0,0,23,16,11,24,0,11,7,28,0,21,0,0,0,1,18,16
18-10-2020,37,9,27,21,35,34,20,30,38,23,0,35,44,26,18,0,28,14,0,0,31,18,13,32,0,12,3,37,0,19,0,0,0,1,22,19
25-10-2020,35,8,27,18,46,41,23,34,42,25,0,35,41,30,17,0,24,15,0,0,37,19,11,18,0,14,3,32,0,17,0,0,0,0,19,18
01-11-2020,34,9,28,23,50,46,26,36,41,29,0,34,37,31,21,0,26,16,0,0,24,22,9,18,0,11,2,34,0,18,0,0,0,0,21,19
08-11-2020,32,8,34,20,53,50,35,37,48,27,0,46,52,30,27,0,39,28,0,0,50,28,16,21,0,19,3,43,0,32,0,0,0,1,32,24
15-11-2020,34,8,34,25,73,57,44,50,56,29,0,44,52,31,25,0,34,43,5,0,69,19,13,19,0,13,3,39,0,19,0,0,0,1,32,19
22-11-2020,37,8,31,31,58,53,48,50,54,24,0,47,49,37,26,0,31,30,0,0,41,20,13,17,0,15,3,48,0,16,0,0,0,1,34,20
29-11-2020,32,8,29,31,59,61,44,49,55,33,0,57,55,40,31,0,61,54,0,0,41,26,11,19,0,15,3,57,0,28,0,0,0,1,43,29
06-12-2020,37,9,36,88,70,65,55,54,61,31,0,74,71,41,34,0,58,72,0,0,45,35,20,24,0,14,5,46,0,27,0,0,0,1,49,37
13-12-2020,33,9,41,42,77,71,61,56,69,41,0,86,84,43,45,0,52,68,0,0,71,42,21,31,0,23,5,53,38,35,0,0,0,1,55,52
20-12-2020,37,11,53,38,81,71,70,65,75,51,0,100,100,46,39,0,55,73,0,0,75,54,27,29,0,20,8,54,0,26,0,0,0,1,53,51
27-12-2020,42,12,54,45,88,69,64,67,69,51,0,84,86,39,34,0,43,73,0,0,65,38,26,20,43,24,6,48,0,29,0,0,0,1,42,33
03-01-2021,39,12,47,34,80,69,49,52,55,39,0,74,60,36,34,0,35,66,0,0,61,37,18,24,0,19,4,46,0,32,0,0,0,1,42,44
10-01-2021,37,10,42,28,81,67,47,58,61,45,0,70,68,42,33,0,36,63,0,0,54,36,26,24,0,19,5,54,39,36,0,0,0,1,44,39
17-01-2021,40,12,51,39,82,67,47,60,57,38,0,64,61,41,34,0,35,70,0,0,59,32,25,23,0,17,4,66,23,35,0,0,0,1,41,38
24-01-2021,44,100,48,42,93,70,52,67,57,43,0,62,67,41,32,0,38,73,0,0,59,29,20,18,0,18,4,53,0,29,0,0,0,1,37,34
31-01-2021,39,19,48,35,90,64,42,56,52,33,0,55,59,36,33,0,29,60,0,0,52,26,22,24,0,19,4,46,28,36,0,0,0,1,35,31
07-02-2021,33,14,47,39,86,62,42,58,50,38,0,49,53,36,32,0,26,53,0,0,45,27,23,21,0,16,4,55,0,40,0,0,0,1,36,33
14-02-2021,44,12,46,43,77,59,38,55,48,35,0,48,52,35,29,0,29,55,0,0,43,24,24,18,0,20,4,49,0,29,0,0,0,1,37,36
21-02-2021,36,12,47,39,74,58,35,51,50,33,0,48,55,33,29,0,33,47,0,0,39,22,26,20,0,15,5,44,0,37,0,0,0,1,37,37
28-02-2021,41,12,46,37,67,55,33,51,50,31,0,49,51,34,32,0,30,59,0,0,45,18,23,21,0,23,4,43,0,25,0,0,0,1,40,34
07-03-2021,40,12,46,41,69,59,33,58,54,36,0,49,53,35,31,0,32,49,0,0,37,18,19,17,52,13,4,42,21,22,0,0,0,1,31,29
14-03-2021,38,11,45,38,61,56,30,47,47,34,0,40,48,31,28,0,30,43,0,0,37,17,17,15,0,16,4,43,0,19,0,0,0,1,31,25
21-03-2021,35,10,42,37,57,50,32,47,47,21,0,42,51,33,33,0,32,42,0,0,44,15,25,18,0,18,4,45,0,28,0,0,0,1,35,28
28-03-2021,33,9,36,34,53,55,40,49,58,27,0,37,44,29,26,0,21,39,0,0,27,14,20,12,0,16,4,40,0,15,0,0,0,1,26,18
04-04-2021,34,8,30,32,40,44,31,38,38,16,0,32,34,32,22,0,16,41,0,0,23,10,7,12,0,8,4,32,0,7,0,0,0,1,18,14
11-04-2021,33,7,22,23,30,36,21,33,28,19,0,24,35,22,16,0,14,21,0,0,16,9,9,8,0,9,2,24,0,10,0,0,0,1,10,7
18-04-2021,46,6,17,15,23,30,14,21,18,15,0,19,31,22,14,0,12,13,0,0,14,8,6,9,0,9,2,21,0,9,0,0,0,1,6,5
25-04-2021,31,6,15,10,20,26,12,19,15,12,0,23,35,23,12,0,15,13,0,0,12,9,6,6,0,8,2,20,0,10,0,0,0,1,6,9
02-05-2021,31,5,16,10,18,29,9,20,16,14,0,20,28,22,11,0,15,15,0,0,0,8,9,7,0,11,2,20,0,12,0,0,0,1,8,7
09-05-2021,29,6,12,15,19,29,9,17,14,22,0,22,26,24,13,0,15,13,0,0,17,8,13,8,0,10,2,19,0,9,0,0,0,1,7,6
16-05-2021,31,6,13,12,20,31,10,16,14,17,0,31,31,28,15,0,18,16,0,0,15,9,8,8,39,14,2,18,0,11,0,0,0,19,7,9
23-05-2021,31,6,17,14,18,37,11,19,16,13,0,30,37,28,14,0,23,20,0,0,25,8,8,9,47,7,3,23,0,12,0,0,0,5,8,8
30-05-2021,31,6,19,18,17,36,10,19,18,20,0,37,45,27,17,0,28,24,0,0,25,10,0,10,0,10,13,27,0,17,0,0,0,2,10,11
06-06-2021,31,7,24,22,18,35,10,23,21,20,0,43,57,28,15,0,37,28,0,0,32,10,8,10,0,15,4,28,0,25,0,0,0,1,10,12
13-06-2021,33,7,26,25,24,34,11,29,26,25,0,51,66,27,14,0,38,30,0,0,43,11,15,10,0,11,5,37,0,25,0,0,0,1,13,17
20-06-2021,36,9,28,29,30,34,13,38,27,26,0,62,70,31,15,0,48,37,0,0,35,12,10,11,0,10,4,38,0,32,0,0,0,1,16,18
27-06-2021,33,9,29,33,40,41,18,42,33,29,0,95,70,36,23,0,54,46,0,0,35,12,14,13,0,18,5,43,0,31,0,0,0,1,25,25
04-07-2021,35,9,36,40,36,43,21,51,37,28,0,56,64,30,26,0,42,39,0,0,40,15,100,16,0,17,5,44,36,41,0,0,0,1,25,27
11-07-2021,35,10,39,33,37,41,21,48,43,33,0,43,57,33,27,0,39,36,0,0,40,14,21,20,0,22,5,55,0,31,0,0,0,1,28,32
18-07-2021,33,10,48,38,36,38,23,45,51,25,0,41,51,31,27,0,34,33,0,0,44,15,17,17,43,17,6,45,0,35,0,0,0,0,23,32
25-07-2021,39,11,47,37,39,41,23,48,46,31,0,33,48,31,24,0,31,29,0,0,42,17,22,18,0,15,5,45,0,31,0,0,0,1,24,30
01-08-2021,36,12,49,39,38,39,22,49,44,26,0,34,47,32,23,0,31,37,0,0,54,17,23,18,0,18,4,44,0,40,0,0,0,1,26,28
08-08-2021,35,20,51,40,45,41,27,50,38,23,0,31,45,28,24,0,29,35,0,0,41,17,19,18,0,16,4,45,35,32,0,0,0,1,26,26
15-08-2021,35,24,42,35,47,43,32,45,39,28,0,31,45,33,27,0,29,35,0,0,51,18,21,15,0,14,4,48,37,33,0,0,0,1,30,32
22-08-2021,39,12,50,32,53,48,35,49,47,21,0,33,48,31,27,0,30,32,0,0,51,20,22,16,0,14,4,44,39,38,0,0,0,1,30,30
29-08-2021,38,12,47,36,55,38,26,44,47,27,0,33,45,32,29,0,32,28,0,0,34,19,24,25,0,14,5,36,27,34,0,0,0,1,29,31
05-09-2021,38,11,48,30,56,38,26,42,44,38,0,39,51,34,29,0,31,34,0,0,37,21,26,22,0,20,5,36,0,30,0,0,0,1,31,28
12-09-2021,36,13,52,33,58,45,30,44,47,31,0,40,53,33,31,0,32,46,0,0,30,23,22,21,0,22,5,69,26,27,0,0,0,1,30,32
19-09-2021,37,13,42,34,64,46,32,43,53,33,0,42,56,33,33,0,43,44,0,0,34,24,21,25,0,25,5,46,31,30,0,0,0,1,39,41
26-09-2021,40,13,48,34,75,45,33,45,59,37,0,41,52,32,31,0,31,41,0,0,28,22,18,31,0,22,9,37,0,27,0,0,0,1,35,39
03-10-2021,36,11,42,33,71,48,34,46,56,31,0,43,50,43,37,0,38,40,0,0,45,26,26,53,0,18,7,38,0,41,0,0,0,1,40,52
10-10-2021,34,11,49,38,90,56,41,56,63,33,0,49,53,42,32,0,70,44,0,0,36,27,24,35,0,21,5,55,0,43,0,0,0,1,37,41
17-10-2021,36,13,40,42,83,51,22,48,55,40,0,45,47,40,27,0,24,35,0,0,45,27,12,26,0,21,4,44,32,51,0,0,0,1,35,36
24-10-2021,37,11,39,33,76,48,22,45,50,32,0,41,45,29,29,0,22,26,0,0,44,33,19,23,0,22,3,42,38,41,0,0,0,1,35,41
31-10-2021,34,9,40,28,80,53,26,51,54,33,0,53,55,39,35,0,26,39,0,0,61,41,22,23,0,25,4,53,31,45,0,0,0,1,35,28
07-11-2021,40,12,53,43,93,53,28,58,49,41,0,56,57,43,28,0,29,41,0,0,49,36,19,23,0,16,4,95,31,39,0,0,0,1,34,29
14-11-2021,40,11,51,44,88,54,25,57,48,37,0,56,60,43,28,0,30,41,0,0,51,35,29,23,0,27,4,72,0,28,0,0,0,1,38,32
21-11-2021,43,13,49,43,88,55,29,56,52,32,0,51,56,33,26,0,27,39,0,0,55,34,23,20,0,22,4,45,0,31,0,0,0,1,33,27
28-11-2021,44,12,49,41,75,49,27,51,46,31,0,58,60,33,35,0,30,48,0,100,62,34,27,20,0,21,4,40,26,31,68,0,0,1,33,31
05-12-2021,35,13,48,28,75,49,32,50,45,37,0,72,72,41,31,0,35,64,0,0,58,43,21,23,55,30,5,44,25,40,0,0,0,1,43,38
12-12-2021,35,13,55,55,82,54,36,57,63,39,0,83,87,45,44,0,38,80,0,0,61,51,31,32,51,32,6,67,50,50,0,0,0,1,53,59
19-12-2021,39,16,64,52,87,60,49,65,69,52,0,80,87,47,42,0,54,81,0,0,67,50,53,35,0,34,37,66,0,35,0,0,0,1,49,60
26-12-2021,46,18,67,49,82,55,50,69,61,51,0,68,77,36,28,0,37,65,0,0,53,33,28,23,0,20,17,47,45,26,0,0,0,1,30,29
02-01-2022,43,15,43,26,60,55,38,52,36,39,0,47,66,32,20,0,27,67,0,0,32,21,21,16,0,16,5,36,0,15,0,0,0,1,23,20
09-01-2022,38,11,31,24,41,45,32,47,25,28,0,42,57,28,18,0,24,47,0,0,27,20,14,14,0,11,3,34,0,15,0,0,0,1,20,21
16-01-2022,36,13,29,19,45,39,24,35,22,29,0,49,70,32,23,0,32,65,0,0,38,23,18,19,46,23,4,63,0,30,0,0,0,1,31,26
23-01-2022,39,22,35,29,56,43,22,45,35,29,0,46,70,37,26,0,37,64,0,0,38,22,19,20,47,16,4,40,0,25,0,0,0,1,35,31
30-01-2022,40,12,39,32,67,50,26,51,39,39,0,44,61,38,27,0,33,81,0,0,55,26,23,23,0,19,4,38,0,47,0,0,0,1,35,40
06-02-2022,41,14,44,39,76,58,31,54,41,37,0,49,55,35,34,0,33,84,0,0,55,29,20,22,44,28,4,48,47,40,0,0,0,1,39,46
13-02-2022,49,19,53,44,86,67,36,62,51,41,0,55,60,36,35,0,35,74,0,0,57,27,26,28,41,28,5,75,31,46,0,0,0,1,43,48
20-02-2022,49,19,54,47,95,75,42,57,56,54,0,53,59,38,36,0,36,74,0,0,61,25,23,25,36,27,5,56,30,50,0,0,0,1,47,46
27-02-2022,50,18,57,62,93,74,42,65,64,53,0,56,59,36,36,0,39,67,0,0,56,21,24,24,53,30,5,55,36,47,0,0,0,1,44,46
06-03-2022,49,18,54,49,92,70,41,57,55,49,0,59,66,41,43,0,44,67,0,0,58,20,28,23,0,36,6,65,44,49,0,0,0,1,50,47
13-03-2022,47,15,60,57,93,78,47,67,66,58,0,62,66,44,49,0,45,65,0,0,49,16,28,26,39,30,6,100,29,42,0,0,0,1,45,50
20-03-2022,47,16,53,53,82,72,47,55,69,56,0,52,58,50,60,0,44,63,0,0,33,15,19,25,0,29,6,58,27,44,0,0,0,1,41,45
27-03-2022,47,17,49,50,68,67,43,53,59,40,0,55,60,49,56,0,49,60,0,0,37,11,18,24,31,28,7,59,20,43,0,0,0,1,46,49
03-04-2022,42,14,42,49,67,72,49,55,64,45,0,61,73,49,70,0,59,70,0,0,41,14,24,37,44,37,7,63,0,49,0,0,0,2,54,65
10-04-2022,42,16,55,63,76,74,51,63,75,52,0,59,64,50,59,0,47,55,0,0,41,12,19,31,50,27,6,57,0,40,0,0,0,1,37,48
17-04-2022,43,19,48,53,65,75,45,54,70,54,0,66,67,55,75,0,52,62,0,0,41,12,18,30,44,28,5,63,39,35,0,0,0,1,44,48
24-04-2022,42,13,50,49,68,78,56,57,87,43,0,60,69,54,85,0,59,60,0,0,41,13,16,43,30,31,6,60,31,52,0,0,0,1,42,51
01-05-2022,55,14,54,66,71,89,64,61,74,57,0,71,71,56,77,0,67,69,0,0,33,15,20,36,44,33,6,58,19,57,0,0,0,1,38,48
08-05-2022,78,15,58,64,71,79,61,62,76,57,0,82,78,62,71,0,76,66,0,0,38,14,15,42,45,37,9,71,24,60,0,0,0,1,38,50
15-05-2022,75,17,69,85,76,79,56,68,73,54,0,75,86,63,77,0,79,71,0,0,44,14,17,42,55,42,8,77,39,78,0,0,0,1,41,58
22-05-2022,56,19,71,85,78,80,53,78,77,68,0,80,81,57,63,0,82,62,0,0,50,15,23,42,64,35,7,76,44,69,0,0,0,1,41,56
29-05-2022,49,20,77,100,79,83,50,72,75,78,0,82,90,56,59,0,94,58,0,0,60,16,22,40,61,34,7,71,28,64,56,0,0,1,37,49
05-06-2022,50,21,73,100,71,75,49,71,75,72,0,80,75,60,51,0,78,54,0,0,50,17,24,38,62,31,7,68,30,53,0,0,0,1,35,48
12-06-2022,50,22,77,94,69,74,48,63,60,66,0,73,81,57,53,0,76,53,0,0,55,18,31,47,72,26,7,71,29,52,0,0,0,1,37,46
19-06-2022,53,24,77,88,67,74,43,60,65,72,0,69,73,50,50,0,63,52,0,0,43,16,21,39,70,33,6,72,39,55,0,0,0,1,36,51
26-06-2022,48,21,55,72,56,72,38,59,63,64,0,57,67,45,48,0,50,48,0,0,49,20,22,37,49,37,6,76,23,41,0,0,0,1,51,57
03-07-2022,49,18,60,58,54,74,39,57,56,57,0,50,58,44,49,0,46,46,3,0,53,22,27,40,0,40,6,63,42,42,49,0,0,1,34,50
10-07-2022,46,18,64,62,55,75,41,57,53,41,0,44,58,41,45,0,40,48,0,0,45,19,24,35,37,40,6,61,29,43,0,0,0,1,29,50
17-07-2022,44,17,63,54,53,65,36,56,52,42,0,40,57,36,42,0,40,54,0,0,37,20,29,33,0,36,5,64,36,38,0,0,0,1,33,49
24-07-2022,44,18,63,50,51,70,39,55,54,49,0,37,57,38,42,0,35,38,0,0,54,21,20,35,40,40,5,63,26,41,0,0,0,1,35,50
31-07-2022,46,20,63,49,54,75,34,59,56,40,0,41,56,39,46,0,44,38,0,0,67,24,35,45,40,46,5,63,54,54,0,0,0,1,44,72
07-08-2022,50,26,79,62,61,72,40,61,65,47,0,41,59,39,41,0,40,36,0,0,49,28,38,50,0,36,7,75,38,79,0,0,0,1,33,59
14-08-2022,48,42,71,58,64,67,39,69,52,59,0,38,54,44,37,0,39,38,0,0,44,23,22,33,43,30,7,71,41,71,0,0,0,1,30,42
21-08-2022,47,22,61,47,63,66,33,59,46,44,0,34,52,35,36,0,35,40,0,0,44,22,20,30,0,29,5,60,36,41,0,0,0,1,30,43
28-08-2022,43,18,55,41,56,62,31,52,49,39,0,37,52,35,39,0,37,35,0,0,42,23,22,38,46,41,5,63,33,47,0,0,0,1,33,46
04-09-2022,44,19,58,40,59,74,39,53,49,41,0,46,55,37,40,0,42,45,0,51,41,26,24,41,52,34,5,61,36,35,0,0,0,1,36,50
11-09-2022,47,20,60,45,65,75,39,56,53,48,0,47,65,38,42,0,43,47,0,0,38,27,23,43,0,40,6,68,31,41,0,0,0,1,37,51
18-09-2022,48,18,60,50,65,82,43,57,58,49,0,46,55,36,44,0,35,36,0,0,47,25,29,64,37,38,9,55,48,46,0,0,0,1,42,67
25-09-2022,48,22,56,49,65,80,48,59,64,58,0,51,54,38,54,0,44,46,0,0,61,29,31,100,44,47,7,62,64,69,0,0,0,1,51,72
02-10-2022,51,26,62,56,75,86,55,73,70,83,0,48,53,36,38,0,35,43,0,0,47,31,23,40,56,43,5,64,46,50,0,0,0,1,41,45
09-10-2022,48,22,58,44,63,78,44,60,55,61,0,43,49,34,37,0,31,47,0,0,40,34,19,36,48,35,4,63,51,58,0,0,0,1,40,54
16-10-2022,48,18,54,44,65,81,53,58,59,51,0,46,51,33,41,0,34,48,0,0,56,42,34,43,0,33,4,77,59,82,0,0,0,1,39,55
23-10-2022,48,18,61,51,78,79,56,64,59,79,0,49,56,36,35,0,38,55,0,0,48,40,22,36,60,43,5,73,56,63,0,0,0,1,43,48
30-10-2022,50,21,64,46,71,84,42,60,53,52,0,54,58,38,38,0,35,64,0,0,61,39,27,36,73,43,6,77,51,65,0,0,0,1,50,47
06-11-2022,50,21,62,49,71,78,41,66,52,58,0,65,64,38,33,0,37,70,0,0,62,41,27,41,0,37,5,76,34,56,0,0,0,1,48,44
13-11-2022,52,20,64,54,72,87,42,69,53,55,0,61,55,37,37,0,36,62,0,0,50,41,22,42,35,35,4,69,40,58,0,0,0,1,46,48
20-11-2022,46,20,56,51,66,76,45,64,56,58,0,63,57,34,36,0,33,60,0,0,47,38,29,33,44,40,4,63,33,51,0,0,0,1,48,52
27-11-2022,46,17,56,49,61,80,43,65,57,60,0,61,59,35,40,0,33,73,0,0,57,38,28,38,56,47,4,60,55,56,0,0,0,1,53,50
04-12-2022,42,20,59,48,64,77,47,64,58,63,0,76,57,39,39,0,41,80,0,0,68,49,33,44,63,49,6,72,34,61,0,0,0,1,60,55
11-12-2022,44,19,69,55,70,81,50,63,58,58,0,83,75,41,50,0,46,76,0,0,81,58,36,46,40,57,6,85,70,79,53,0,0,1,74,80
18-12-2022,48,20,78,55,69,83,55,77,67,60,0,98,84,51,68,0,56,97,0,0,85,75,68,75,98,66,7,85,66,76,0,0,0,1,87,100
25-12-2022,58,25,100,64,83,100,66,88,78,99,0,83,71,46,41,0,43,86,0,0,64,49,38,46,45,36,6,73,41,54,0,0,0,1,51,57
01-01-2023,51,23,70,50,73,91,48,73,55,71,0,71,73,40,42,0,34,70,0,0,58,39,30,38,51,39,5,76,45,46,0,0,0,1,47,52
08-01-2023,47,20,55,46,71,76,62,69,50,59,0,64,65,35,39,0,33,64,0,0,47,32,20,35,51,34,5,58,38,55,0,0,0,1,41,53
15-01-2023,48,21,57,49,68,76,52,62,46,65,0,58,63,34,41,0,35,59,0,0,58,35,34,39,0,37,5,61,25,55,46,0,0,1,48,56
22-01-2023,49,28,65,48,73,68,47,67,48,67,0,55,56,36,34,0,30,73,0,0,59,56,26,32,0,37,5,59,38,44,0,0,0,1,41,41
29-01-2023,48,18,54,48,62,64,44,57,41,43,0,54,55,36,38,0,31,55,0,0,51,79,20,28,35,32,5,63,49,40,0,0,0,1,42,42
05-02-2023,54,19,58,51,60,64,38,60,39,51,0,50,52,36,37,0,30,63,0,0,49,33,18,31,32,32,5,60,44,55,0,0,0,1,44,45
12-02-2023,52,18,56,54,62,63,41,70,43,43,0,52,60,37,41,0,35,53,0,0,61,24,24,36,0,33,5,77,37,49,0,0,0,1,42,47
19-02-2023,54,20,60,57,63,65,40,59,49,54,0,53,52,38,38,0,34,59,0,0,47,23,24,30,31,36,5,59,38,42,46,0,0,1,46,45
26-02-2023,53,17,54,55,64,63,39,59,50,39,0,49,54,36,38,66,36,50,0,0,58,20,25,30,0,36,5,58,55,57,0,0,0,1,41,46
05-03-2023,49,16,52,58,73,68,44,58,50,57,0,57,61,43,41,0,45,57,0,0,43,20,24,31,37,33,7,58,60,59,0,0,0,1,40,41
12-03-2023,47,17,58,63,68,66,41,54,49,35,0,55,63,43,48,0,48,54,0,0,50,18,26,28,0,38,9,67,32,50,50,0,0,1,42,45
19-03-2023,47,17,61,65,65,68,52,62,48,36,0,57,63,45,50,0,54,51,0,0,40,16,26,27,0,33,9,72,40,54,49,0,0,1,41,47
26-03-2023,44,16,62,61,66,70,53,58,58,36,0,66,65,46,72,0,63,56,0,0,55,17,35,48,34,41,9,71,43,58,46,0,0,1,58,58
02-04-2023,46,19,73,70,72,78,59,66,65,45,0,60,62,47,67,0,55,56,0,0,52,17,26,46,42,38,7,56,37,49,0,0,0,1,48,55
09-04-2023,47,17,60,63,65,76,64,64,63,57,0,63,67,50,82,0,53,58,0,0,54,14,25,39,41,33,7,61,45,61,0,0,0,1,51,47
16-04-2023,45,16,54,58,61,82,68,62,70,52,0,67,66,49,99,0,57,55,0,0,50,13,21,51,48,33,6,77,44,62,45,0,0,1,53,63
23-04-2023,44,17,58,72,70,91,86,68,82,62,0,66,66,46,83,0,60,53,0,0,41,13,22,52,38,40,6,64,51,67,49,0,0,1,50,56
30-04-2023,43,16,62,63,63,86,66,67,68,57,0,73,66,50,73,0,58,51,0,0,57,13,23,47,32,27,6,67,40,59,54,0,0,1,49,55
07-05-2023,41,16,60,61,63,90,68,67,68,47,0,76,75,47,84,0,68,65,0,0,47,14,23,53,45,42,6,70,44,72,0,0,0,1,49,52
14-05-2023,44,16,63,60,65,85,77,69,72,61,0,84,80,53,87,0,78,64,0,0,46,15,20,54,60,43,7,82,33,81,67,0,0,1,49,60
21-05-2023,49,17,73,74,69,85,71,72,70,66,0,78,81,55,71,0,81,64,0,0,60,16,26,53,64,41,7,68,38,71,59,0,0,1,47,52
28-05-2023,46,20,79,90,70,78,60,73,59,67,0,85,85,55,60,0,89,68,0,0,63,15,27,45,66,34,7,69,56,72,57,0,0,1,50,49
04-06-2023,49,21,83,95,66,75,53,72,64,66,0,80,84,54,54,0,83,73,0,0,57,15,34,51,100,36,7,68,52,56,0,0,0,1,53,48
11-06-2023,50,21,77,99,64,71,49,69,65,73,0,71,79,45,49,0,78,68,0,0,54,17,28,39,42,32,7,75,45,57,64,0,0,1,48,51
18-06-2023,51,20,77,87,59,72,46,66,60,63,0,69,78,51,57,0,68,61,0,0,62,19,36,46,48,36,7,71,56,54,100,0,0,2,54,59
25-06-2023,48,22,79,82,60,90,52,75,74,74,0,53,70,47,47,0,54,61,0,0,59,18,31,46,74,39,6,71,40,46,0,0,0,1,49,50
02-07-2023,48,21,66,74,57,83,47,78,68,68,0,71,59,40,45,0,37,44,0,0,50,18,25,42,0,43,7,67,26,45,57,0,0,1,38,52
09-07-2023,40,28,60,62,55,69,43,71,58,54,0,36,48,37,44,0,28,58,0,0,48,22,26,38,0,39,7,73,45,47,0,0,0,1,38,50
16-07-2023,47,18,60,59,50,74,43,71,55,41,0,28,47,35,39,0,29,40,0,0,57,21,18,38,39,43,5,76,45,41,63,0,0,1,34,47
23-07-2023,37,14,62,61,52,73,43,68,65,38,0,24,44,36,41,0,32,37,0,0,52,19,25,35,66,39,5,65,60,47,62,0,0,1,39,47
30-07-2023,37,16,57,52,54,63,43,66,56,45,0,24,44,37,45,0,36,41,0,0,63,23,29,44,71,43,5,70,42,51,68,0,0,1,55,57
06-08-2023,42,20,66,64,61,67,55,73,65,54,0,26,75,34,44,0,35,35,0,0,59,25,37,45,62,37,5,66,46,55,0,0,0,1,48,52
13-08-2023,49,35,66,57,63,67,49,77,57,54,0,26,56,34,38,0,29,37,0,0,47,22,19,36,42,30,5,64,43,41,50,0,0,1,36,43
20-08-2023,39,17,56,57,55,66,43,66,49,37,0,22,37,31,44,0,28,32,0,0,41,22,25,42,0,36,4,56,39,49,54,0,0,1,35,44
27-08-2023,36,16,55,48,62,75,51,60,49,37,0,23,36,33,48,0,42,40,0,0,40,23,24,43,40,35,5,62,55,50,0,0,0,1,42,43
03-09-2023,41,14,61,52,64,71,46,65,50,44,0,25,38,31,38,0,34,33,0,0,39,24,27,39,71,36,5,51,55,42,0,0,0,1,42,45
10-09-2023,46,16,54,47,59,64,40,56,48,40,0,29,42,35,39,0,35,37,0,0,42,25,22,40,0,40,5,54,37,39,0,0,0,1,42,48
17-09-2023,39,17,59,49,60,69,42,57,59,41,0,32,47,38,50,0,49,48,0,0,54,26,30,44,54,49,5,67,40,46,0,0,0,1,66,74
24-09-2023,43,18,72,53,77,77,48,71,67,47,0,36,49,40,42,0,42,44,0,0,48,27,38,44,34,37,6,57,43,48,0,0,0,1,57,54
01-10-2023,41,19,68,53,72,73,43,70,60,54,0,34,44,28,40,0,34,44,0,0,40,26,22,37,41,37,5,53,36,35,60,0,0,1,51,45
08-10-2023,42,16,53,40,61,62,43,61,51,48,0,36,43,28,42,0,33,43,0,0,59,26,26,72,53,44,8,56,31,33,0,0,0,1,56,58
15-10-2023,42,19,56,40,64,71,48,69,57,57,0,38,43,34,46,0,33,44,0,0,48,30,34,98,59,39,5,62,43,41,66,0,0,1,50,56
22-10-2023,45,24,57,54,64,71,54,70,55,67,0,40,42,36,38,0,29,46,0,0,40,31,22,46,36,33,4,53,44,56,0,0,0,1,43,40
29-10-2023,47,17,49,46,60,68,45,55,49,52,0,36,42,33,36,0,28,47,0,0,33,30,20,37,36,26,3,54,33,41,0,0,0,1,48,41
05-11-2023,46,15,49,40,61,70,42,59,50,56,0,40,43,32,40,0,34,56,0,0,63,48,35,50,34,41,4,72,63,62,0,0,0,1,49,43
12-11-2023,44,16,59,60,72,73,50,71,54,64,0,51,50,39,40,0,38,57,0,0,67,45,31,41,36,39,4,68,42,62,51,0,0,1,57,45
19-11-2023,44,17,64,53,68,74,52,66,56,57,0,58,56,47,41,0,36,71,0,0,61,42,34,40,51,38,5,65,54,50,0,0,0,1,61,46
26-11-2023,45,17,64,62,68,80,54,69,59,57,0,60,57,46,40,0,38,70,0,0,56,41,22,37,0,47,5,71,62,56,0,0,0,1,63,46
03-12-2023,43,17,58,58,72,83,53,73,59,51,0,72,61,48,45,0,40,75,0,0,74,46,28,38,0,51,7,63,47,65,71,0,0,1,81,51
10-12-2023,42,19,67,65,72,83,56,79,59,56,0,83,68,50,55,0,48,100,12,0,66,62,44,52,51,80,8,81,34,64,56,0,0,1,88,74
17-12-2023,40,18,80,74,80,79,58,88,74,68,0,96,70,61,71,0,56,100,87,0,100,76,55,83,45,55,8,82,100,91,79,0,0,1,98,86
24-12-2023,60,22,100,82,84,78,67,100,80,100,0,74,73,52,45,0,43,97,51,0,67,50,45,49,39,45,8,68,64,72,94,0,0,12,68,54
31-12-2023,48,24,74,65,72,73,52,82,55,72,0,66,55,44,42,0,35,98,61,0,51,40,18,44,46,43,5,65,63,49,0,0,0,100,62,61
07-01-2024,46,17,60,62,73,80,52,85,59,56,0,61,49,39,42,0,27,68,66,0,52,32,23,47,0,45,5,63,38,46,49,0,0,13,53,53
14-01-2024,44,17,51,55,70,73,48,73,49,54,0,49,45,38,44,0,28,56,63,0,48,34,30,48,45,47,4,73,49,59,0,0,0,5,58,56
21-01-2024,46,22,58,53,72,64,55,78,55,65,0,58,55,41,39,0,29,76,49,0,55,33,23,39,0,39,5,62,38,46,0,0,0,4,47,39
28-01-2024,46,17,50,48,72,58,50,67,45,46,0,56,52,42,37,0,32,67,43,0,74,32,20,39,0,34,5,60,40,48,0,0,0,3,46,35
04-02-2024,50,16,52,47,73,55,47,62,45,47,0,48,44,41,36,0,25,59,39,0,47,33,17,36,0,30,4,55,35,46,0,0,0,2,45,34
11-02-2024,46,17,50,47,69,56,46,62,43,49,0,52,45,42,38,0,29,78,38,0,61,29,15,36,0,35,5,59,52,34,0,0,0,2,44,36
18-02-2024,57,17,49,54,71,56,45,63,51,46,0,53,51,40,42,0,33,74,40,0,58,26,18,35,0,100,5,55,58,100,0,0,0,2,45,35
25-02-2024,51,16,46,50,72,53,47,57,51,49,0,52,49,39,41,0,35,64,40,0,51,24,18,37,0,47,5,59,50,64,0,0,0,2,49,36
03-03-2024,48,15,49,44,75,57,48,69,56,50,0,53,52,45,41,0,37,60,37,0,55,24,17,28,37,33,5,59,58,56,0,0,0,2,45,39
10-03-2024,42,15,50,61,73,54,49,58,53,43,0,56,50,43,46,0,41,69,31,0,53,23,21,28,0,35,5,61,38,69,0,0,0,2,47,37
17-03-2024,43,15,52,52,81,59,51,61,56,42,0,58,52,56,53,0,47,62,31,0,52,18,35,36,40,36,6,71,59,56,0,0,0,2,58,46
24-03-2024,40,14,52,61,81,62,60,65,68,40,0,60,53,57,57,0,44,67,27,0,45,18,19,35,0,33,6,64,46,42,0,0,0,2,50,40
31-03-2024,40,12,44,58,76,64,63,55,68,39,0,59,52,52,80,0,54,65,29,0,44,18,17,45,0,42,7,65,65,48,0,0,0,2,47,39
07-04-2024,41,12,48,62,76,75,75,65,80,53,0,59,48,56,63,0,46,69,27,0,38,13,17,37,61,33,6,58,35,42,0,0,0,2,39,35
14-04-2024,39,13,45,54,71,70,72,62,69,53,0,65,56,69,84,0,59,68,27,0,42,16,19,36,0,33,5,65,29,42,0,0,0,2,45,37
21-04-2024,40,12,47,54,78,75,72,63,78,48,0,82,63,78,100,0,74,88,35,0,45,15,14,44,57,33,6,65,54,57,57,0,0,2,50,41
28-04-2024,41,12,50,63,94,82,92,71,85,59,0,80,64,81,89,0,77,79,36,0,42,15,15,52,0,42,6,76,52,57,0,100,0,2,49,40
05-05-2024,39,12,50,76,91,78,100,64,90,55,0,83,69,86,78,0,80,72,41,0,39,15,15,54,0,34,5,79,73,64,0,0,0,2,50,41
12-05-2024,39,13,55,84,91,77,83,66,84,63,0,97,73,100,73,0,100,83,45,0,55,16,14,61,55,52,6,82,49,79,0,0,0,2,63,52
19-05-2024,42,15,57,95,98,78,83,79,93,82,0,96,79,99,74,0,100,95,42,0,47,18,19,64,0,59,6,80,46,67,88,0,0,2,66,52
26-05-2024,42,14,57,88,100,74,71,80,100,73,0,78,65,77,51,0,79,80,38,0,36,14,20,46,40,42,5,64,42,58,0,0,0,2,48,40
02-06-2024,36,15,58,75,82,54,55,59,74,61,0,82,76,87,54,0,91,76,48,0,39,17,17,49,49,37,100,68,31,56,60,0,0,2,59,46
09-06-2024,36,17,57,83,86,60,58,63,81,63,0,79,72,91,57,0,95,79,37,0,44,15,18,53,51,39,6,77,45,66,58,0,0,2,47,46
16-06-2024,40,15,60,80,89,63,65,64,82,68,0,63,64,73,46,0,74,69,38,0,42,16,26,47,50,38,5,65,45,40,0,0,0,2,40,39
23-06-2024,40,16,53,62,69,59,53,57,72,61,0,47,52,61,45,0,52,70,39,0,44,16,22,47,64,33,5,67,45,36,0,0,0,2,46,42
30-06-2024,42,16,49,58,80,61,48,62,73,50,0,39,47,53,45,0,43,52,44,0,39,17,16,39,0,33,4,72,54,35,88,0,0,1,41,46
07-07-2024,38,14,50,51,75,58,58,62,71,48,0,39,46,55,46,0,45,42,45,0,42,17,20,40,61,45,5,75,26,35,0,0,0,1,38,48
14-07-2024,38,14,50,54,74,77,59,64,72,47,0,42,48,55,44,0,47,44,41,0,42,22,20,42,0,44,4,78,39,33,0,0,0,1,39,41
21-07-2024,38,13,49,57,69,55,49,58,57,33,0,38,48,47,42,0,42,39,49,0,44,18,19,39,0,41,4,66,60,32,0,0,0,1,37,44
28-07-2024,37,14,50,50,74,68,42,59,59,35,0,29,40,40,39,0,39,34,46,0,41,22,17,37,81,48,4,66,47,40,0,0,0,1,35,42
04-08-2024,37,14,49,38,63,44,30,57,54,34,0,29,43,42,41,0,45,34,61,0,45,25,19,53,49,45,4,70,62,40,0,0,0,1,47,57
11-08-2024,40,28,57,56,63,47,35,65,71,48,0,30,39,42,37,0,39,36,42,0,53,26,17,38,0,39,4,71,53,30,0,0,0,1,33,39
18-08-2024,37,14,46,51,82,49,35,59,56,44,0,32,42,40,34,0,42,30,42,0,52,25,14,35,0,39,4,66,37,34,78,0,0,1,36,38
25-08-2024,41,13,46,40,84,50,37,62,56,37,0,33,45,39,38,0,40,35,35,0,35,24,14,36,0,34,5,51,32,35,0,0,0,1,33,38
01-09-2024,36,12,46,48,89,47,37,42,51,39,0,36,73,41,41,0,50,45,44,0,51,23,14,41,51,40,4,59,46,35,0,0,0,1,36,37
08-09-2024,39,13,51,53,83,52,46,48,59,47,0,40,55,45,47,0,44,43,42,0,51,24,15,50,45,43,4,86,48,39,0,0,0,1,45,45
15-09-2024,38,13,50,50,83,59,55,53,64,61,0,44,49,41,44,0,43,39,48,0,71,23,15,41,0,42,4,82,39,39,0,0,0,1,45,38
22-09-2024,40,13,48,53,80,57,49,52,64,41,0,45,46,41,48,0,44,44,51,0,52,25,17,55,0,38,6,58,45,35,0,0,0,1,53,51
29-09-2024,36,15,50,55,92,64,59,65,68,46,0,43,44,39,48,0,39,45,52,0,46,26,18,97,0,47,5,57,0,34,0,0,0,1,50,57
06-10-2024,39,18,46,51,81,61,63,66,71,59,0,44,41,38,38,0,35,48,53,0,42,28,17,53,55,35,4,54,50,40,54,0,0,1,41,37
13-10-2024,42,15,46,51,78,58,46,54,58,51,0,41,39,31,38,0,31,55,47,0,32,26,19,33,0,29,3,47,51,39,0,0,0,1,40,34
20-10-2024,35,12,43,45,70,59,44,53,52,43,0,38,39,26,43,0,31,39,54,0,58,29,20,41,54,33,3,48,40,46,0,0,0,1,41,49
27-10-2024,35,12,39,46,86,66,59,63,68,49,0,49,45,33,37,0,41,44,43,0,51,38,16,34,0,28,4,54,49,58,0,0,0,1,42,37
03-11-2024,39,13,51,57,81,63,50,63,55,49,0,53,49,32,37,0,42,69,52,0,53,35,24,29,0,37,4,50,32,38,0,0,0,1,43,41
10-11-2024,42,13,51,59,81,66,50,66,53,48,0,56,47,37,40,0,37,64,52,0,59,32,21,30,0,51,4,48,24,38,0,0,0,1,42,41
17-11-2024,37,12,48,49,76,66,51,64,53,47,0,58,45,38,43,0,32,59,51,0,41,30,19,23,0,48,4,48,36,39,0,0,0,1,50,35
24-11-2024,35,12,47,48,80,69,53,63,64,43,0,62,51,32,41,0,32,58,60,0,49,32,19,24,0,37,4,47,33,54,0,0,0,1,49,33
01-12-2024,36,13,45,46,83,73,50,63,63,45,0,73,64,33,42,0,44,67,55,0,51,33,22,29,0,47,4,49,33,43,0,0,0,1,51,41
08-12-2024,39,12,49,47,82,69,55,68,65,56,0,69,57,34,45,0,41,63,70,0,58,40,25,31,0,50,5,51,45,55,0,0,0,1,78,44
15-12-2024,36,13,55,48,80,67,60,69,71,41,0,90,94,48,68,0,57,74,100,0,85,61,35,59,0,67,6,70,67,66,0,0,0,1,100,77
22-12-2024,40,15,76,60,89,70,75,78,79,72,0,81,71,41,47,100,49,70,72,0,74,100,41,41,0,36,6,59,58,52,0,0,0,1,61,51
29-12-2024,42,17,67,59,89,66,59,78,58,58,0,63,54,37,43,0,33,61,54,0,55,38,21,28,0,34,4,91,43,42,0,0,0,1,46,38
05-01-2025,43,14,49,53,76,63,56,64,54,41,53,55,42,30,38,0,30,57,40,0,54,28,22,32,0,34,3,54,35,40,0,0,0,1,42,42
12-01-2025,39,13,39,60,74,59,54,64,50,41,100,52,38,30,32,0,28,81,43,0,43,25,18,22,0,25,3,45,0,38,0,0,0,1,38,28
19-01-2025,38,15,45,65,69,51,42,56,39,43,57,46,38,31,32,0,25,44,34,0,35,23,17,21,0,39,3,46,25,39,0,0,0,1,35,28
26-01-2025,43,17,44,68,72,51,41,56,37,35,38,45,41,30,32,0,25,48,37,0,47,20,17,23,18,18,3,46,21,34,13,0,72,1,34,30
02-02-2025,46,13,44,59,79,53,42,56,44,34,28,44,40,31,33,0,26,46,37,0,52,21,17,21,24,28,3,42,31,36,30,0,100,1,36,31
09-02-2025,45,13,41,61,70,52,42,51,51,33,0,47,41,35,36,0,29,55,41,0,52,21,18,23,26,31,3,47,31,38,29,0,0,1,38,34
